Word,Wuxing
匕,金
刀,金
人,金
入,金
厶,金
才,金
叉,金
亍,金
川,金
寸,金
千,金
刃,金
三,金
上,金
尸,金
士,金
夕,金
小,金
仇,金
乏,金
戈,金
仁,金
仍,金
冗,金
少,金
升,金
氏,金
什,金
手,金
殳,金
四,金
兮,金
心,金
刈,金
仄,金
爪,金
册,金
叱,金
斥,金
出,金
叼,金
刊,金
尻,金
仟,金
且,金
仞,金
申,金
生,金
仕,金
市,金
世,金
矢,金
示,金
史,金
石,金
失,金
甩,金
司,金
玊,金
仙,金
乍,金
占,金
正,金
主,金
臣,金
丞,金
舛,金
此,金
次,金
汆,金
存,金
丢,金
而,金
吏,金
列,金
任,金
扔,金
如,金
色,金
舌,金
式,金
守,金
妁,金
死,金
寺,金
夙,金
凸,金
刎,金
吸,金
西,金
先,金
囟,金
匈,金
旬,金
曳,金
在,金
再,金
早,金
吒,金
舟,金
州,金
字,金
岔,金
扱,金
吵,金
车,金
成,金
赤,金
氚,金
串,金
吹,金
伺,金
忖,金
兑,金
判,金
七,金
吣,金
妊,金
忍,金
礽,金
删,金
劭,金
佘,金
伸,金
身,金
束,金
吮,金
私,金
姒,金
兕,金
宋,金
忒,金
吻,金
伭,金
辛,金
秀,金
序,金
巡,金
酉,金
皂,金
卮,金
吱,金
伫,金
助,金
壮,金
妆,金
孜,金
走,金
坐,金
佐,金
作,金
侘,金
刹,金
昌,金
抄,金
弨,金
扯,金
忱,金
承,金
忡,金
沖,金
初,金
垂,金
佌,金
刺,金
儿,金
庚,金
刮,金
戋,金
金,金
净,金
侃,金
刻,金
孥,金
妻,金
戕,金
青,金
取,金
叁,金
姗,金
疝,金
尚,金
舍,金
社,金
侁,金
呻,金
使,金
始,金
事,金
受,金
叔,金
抒,金
刷,金
祀,金
怂,金
忪,金
所,金
兔,金
昔,金
穸,金
些,金
姓,金
刖,金
甾,金
昃,金
怎,金
轧,金
咋,金
忮,金
侄,金
宙,金
咒,金
妯,金
周,金
侏,金
抓,金
宗,金
卒,金
姹,金
臿,金
差,金
查,金
咤,金
拆,金
怊,金
伡,金
疢,金
宬,金
怵,金
穿,金
舡,金
春,金
促,金
殂,金
毒,金
度,金
耏,金
钆,金
宫,金
剞,金
刭,金
俓,金
枯,金
前,金
怯,金
侵,金
秋,金
纫,金
肜,金
柔,金
砂,金
舢,金
衫,金
厍,金
矧,金
哂,金
甚,金
牲,金
省,金
食,金
施,金
室,金
是,金
首,金
姝,金
耍,金
帅,金
闩,金
思,金
娀,金
叟,金
俗,金
剃,金
籼,金
祆,金
庠,金
削,金
信,金
性,金
星,金
咻,金
庥,金
胥,金
叙,金
宣,金
页,金
钇,金
俣,金
俞,金
哉,金
昝,金
蚤,金
则,金
眨,金
怔,金
峙,金
咫,金
肘,金
拄,金
拙,金
咨,金
姿,金
俎,金
怍,金
昨,金
剥,金
财,金
睬,金
仓,金
敇,金
豺,金
刬,金
伥,金
鬯,金
倡,金
晁,金
眧,金
耖,金
唓,金
宸,金
乘,金
持,金
翅,金
蚩,金
刍,金
俶,金
纯,金
祠,金
脆,金
厝,金
凋,金
钉,金
珐,金
刚,金
罡,金
剐,金
怪,金
借,金
峻,金
钌,金
倪,金
钋,金
剖,金
倩,金
挈,金
邛,金
讱,金
衽,金
轫,金
狨,金
辱,金
弱,金
珊,金
闪,金
讪,金
剡,金
扇,金
哨,金
射,金
珅,金
神,金
娠,金
眚,金
师,金
拾,金
时,金
十,金
狩,金
纾,金
书,金
殊,金
衰,金
拴,金
素,金
祟,金
隼,金
孙,金
唆,金
索,金
恸,金
剜,金
紊,金
息,金
席,金
唏,金
掀,金
宵,金
笑,金
修,金
脩,金
徐,金
訏,金
眩,金
痃,金
殉,金
栽,金
宰,金
奘,金
唣,金
痄,金
哳,金
窄,金
钊,金
真,金
畛,金
疹,金
针,金
症,金
拯,金
指,金
纸,金
酎,金
疰,金
拽,金
酌,金
祖,金
租,金
祚,金
唑,金
座,金
彩,金
偲,金
曹,金
侧,金
参,金
钗,金
产,金
娼,金
唱,金
常,金
徜,金
巢,金
趻,金
晨,金
偁,金
琤,金
豉,金
瓻,金
匙,金
舂,金
崇,金
紬,金
偢,金
处,金
绌,金
啜,金
钏,金
船,金
疵,金
玼,金
瓷,金
粗,金
啐,金
挫,金
得,金
钓,金
钒,金
副,金
寂,金
祭,金
剪,金
旌,金
勘,金
馗,金
率,金
捏,金
钕,金
珮,金
钎,金
阡,金
圊,金
氢,金
悫,金
雀,金
蚺,金
唼,金
啥,金
钐,金
商,金
绍,金
捎,金
蛇,金
赦,金
设,金
奢,金
绅,金
胂,金
售,金
庶,金
孰,金
唰,金
爽,金
悚,金
讼,金
宿,金
狻,金
捅,金
偷,金
钍,金
问,金
细,金
欷,金
觋,金
徙,金
悉,金
舷,金
祥,金
偰,金
斜,金
訢,金
衅,金
邢,金
袖,金
羞,金
酗,金
旋,金
悦,金
舴,金
责,金
蚱,金
扎,金
砦,金
粘,金
胗,金
趾,金
栀,金
胝,金
终,金
昼,金
珠,金
蛀,金
专,金
着,金
族,金
组,金
胙,金
做,金
钯,金
钣,金
钸,金
猜,金
裁,金
残,金
孱,金
伧,金
厕,金
曾,金
嗏,金
喳,金
觇,金
猖,金
怅,金
惝,金
敞,金
超,金
钞,金
朝,金
抻,金
牚,金
盛,金
啻,金
胵,金
惆,金
喘,金
创,金
窗,金
捶,金
词,金
兹,金
猝,金
酢,金
悴,金
毳,金
皴,金
嵯,金
痤,金
矬,金
措,金
掉,金
貂,金
钭,金
钝,金
贰,金
钫,金
钙,金
割,金
钩,金
辜,金
壶,金
戟,金
绝,金
竣,金
钧,金
剀,金
钠,金
甯,金
钮,金
裒,金
掊,金
钤,金
钦,金
禽,金
氰,金
情,金
然,金
韧,金
绒,金
散,金
伞,金
丧,金
扫,金
嫂,金
痧,金
善,金
跚,金
邵,金
稍,金
畲,金
猞,金
肾,金
甥,金
剩,金
视,金
授,金
瘦,金
述,金
黍,金
疏,金
舒,金
税,金
顺,金
舜,金
丝,金
斯,金
俟,金
竦,金
嗖,金
诉,金
粟,金
酥,金
飧,金
睃,金
钛,金
替,金
童,金
推,金
犀,金
晰,金
傒,金
惜,金
舄,金
舾,金
粞,金
羡,金
象,金
胸,金
琇,金
须,金
絮,金
婿,金
喧,金
绚,金
喻,金
钥,金
咱,金
枣,金
凿,金
迮,金
诈,金
掌,金
诏,金
帧,金
挣,金
狰,金
絷,金
轵,金
脂,金
殖,金
众,金
蛛,金
贮,金
紫,金
诅,金
尊,金
阼,金
刨,金
铋,金
钵,金
钹,金
铂,金
踩,金
粲,金
恻,金
插,金
诧,金
剿,金
琛,金
嗔,金
脭,金
傺,金
饬,金
絺,金
酬,金
愁,金
稠,金
楚,金
蜍,金
揣,金
歂,金
蠢,金
跐,金
琮,金
催,金
瘁,金
搓,金
脞,金
钿,金
堵,金
钴,金
钾,金
捷,金
靖,金
钜,金
钶,金
铃,金
铆,金
钼,金
铌,金
铍,金
钷,金
钳,金
铅,金
蜣,金
惬,金
郄,金
嗪,金
銎,金
饪,金
揉,金
塞,金
搔,金
煞,金
歃,金
裟,金
伤,金
蛸,金
艄,金
蜃,金
诜,金
轼,金
诗,金
狮,金
试,金
势,金
暑,金
蜀,金
鼠,金
毹,金
睡,金
肆,金
嗣,金
送,金
搜,金
嗉,金
肃,金
岁,金
睢,金
嗍,金
唢,金
羧,金
嗦,金
铊,金
钽,金
酮,金
媳,金
蚬,金
酰,金
嫌,金
跣,金
详,金
想,金
绡,金
新,金
歆,金
惺,金
猩,金
绣,金
嗅,金
貅,金
煦,金
揎,金
铉,金
暄,金
询,金
驯,金
铀,金
铕,金
伛,金
蝓,金
揄,金
钰,金
愉,金
裕,金
愈,金
钺,金
载,金
贼,金
闸,金
揸,金
债,金
斟,金
钲,金
睁,金
酯,金
黹,金
邾,金
瘃,金
诛,金
庄,金
装,金
资,金
揍,金
阻,金
铵,金
艑,金
綵,金
臧,金
嘈,金
察,金
瘥,金
僝,金
嫦,金
玚,金
綝,金
诚,金
铖,金
酲,金
称,金
铳,金
绸,金
裯,金
殠,金
搊,金
搐,金
搋,金
僢,金
怆,金
雌,金
慈,金
翠,金
粹,金
铞,金
铥,金
睹,金
铒,金
阀,金
罚,金
铬,金
铪,金
郝,金
划,金
铰,金
精,金
劂,金
聚,金
铐,金
铑,金
闾,金
铭,金
陧,金
齐,金
慊,金
抢,金
戗,金
腔,金
劁,金
寝,金
蜻,金
綮,金
铨,金
逡,金
认,金
铷,金
瑞,金
睿,金
搡,金
瘙,金
铯,金
僧,金
绱,金
韶,金
赊,金
慎,金
逝,金
誓,金
寿,金
绶,金
署,金
搠,金
说,金
诵,金
嗾,金
瞍,金
嗽,金
速,金
愫,金
僳,金
觫,金
酸,金
狲,金
损,金
铫,金
铜,金
骰,金
途,金
酴,金
禊,金
屣,金
铣,金
蜥,金
僖,金
郤,金
衔,金
线,金
限,金
像,金
逍,金
需,金
铘,金
铱,金
劓,金
铟,金
银,金
窬,金
瑜,金
腴,金
造,金
帻,金
啧,金
甄,金
赈,金
蜘,金
摭,金
碡,金
帚,金
铢,金
僮,金
综,金
腙,金
粽,金
僔,金
锕,金
钡,金
惭,金
惨,金
摻,金
艖,金
廛,金
谄,金
掺,金
鋋,金
婵,金
肠,金
厂,金
麨,金
瞋,金
漦,金
瘛,金
冲,金
锄,金
摴,金
厨,金
諔,金
嘬,金
踳,金
疮,金
噇,金
摐,金
幢,金
赐,金
醋,金
摧,金
锉,金
嘟,金
锇,金
锋,金
敷,金
锆,金
刽,金
刿,金
铗,金
剑,金
缄,金
节,金
剧,金
锔,金
锞,金
刳,金
锒,金
锂,金
靓,金
锍,金
锊,金
劈,金
铺,金
锓,金
噙,金
请,金
趣,金
髯,金
糅,金
锐,金
腮,金
毵,金
磉,金
傻,金
陕,金
赏,金
殇,金
谂,金
审,金
胜,金
驶,金
实,金
蚀,金
奭,金
艏,金
熟,金
数,金
腧,金
摔,金
谁,金
驷,金
嘶,金
缌,金
咝,金
螋,金
艘,金
谇,金
琐,金
锑,金
铤,金
腿,金
缊,金
鋈,金
嘻,金
陷,金
缐,金
腺,金
哓,金
销,金
锌,金
陉,金
腥,金
锈,金
绪,金
儇,金
糌,金
驵,金
噪,金
锃,金
稹,金
帜,金
陟,金
挚,金
皱,金
翥,金
嘱,金
谆,金
诼,金
踪,金
陬,金
诹,金
锛,金
餐,金
穇,金
憯,金
舱,金
糙,金
蹅,金
侪,金
幨,金
氅,金
阊,金
鋹,金
踸,金
谌,金
赪,金
褫,金
憧,金
瘳,金
踹,金
遄,金
陲,金
锤,金
輴,金
錞,金
糍,金
璁,金
璀,金
撮,金
蹉,金
鹾,金
错,金
锝,金
雕,金
锭,金
辐,金
钢,金
锢,金
锪,金
辑,金
锦,金
静,金
锩,金
锯,金
锟,金
铼,金
钔,金
锰,金
穆,金
锫,金
凭,金
钱,金
锖,金
嫱,金
揿,金
瘸,金
蹂,金
缛,金
儒,金
褥,金
噻,金
膳,金
嬗,金
鄃,金
输,金
撕,金
蛳,金
稣,金
锬,金
颓,金
阋,金
锡,金
螅,金
羲,金
锨,金
醒,金
髹,金
谖,金
谒,金
錡,金
逾,金
觎,金
谕,金
憎,金
甑,金
瘵,金
战,金
缜,金
整,金
铮,金
绉,金
麈,金
诸,金
撞,金
锥,金
锱,金
郰,金
撙,金
锿,金
擦,金
嚓,金
縩,金
懆,金
艚,金
螬,金
操,金
锸,金
馇,金
禅,金
偿,金
韔,金
鼌,金
帱,金
憷,金
歜,金
黜,金
膗,金
聪,金
独,金
镀,金
锻,金
锷,金
锅,金
锾,金
徽,金
蹇,金
键,金
饯,金
骏,金
锴,金
链,金
镁,金
镅,金
縻,金
鍪,金
遣,金
鍼,金
跄,金
锹,金
锲,金
鄏,金
嚅,金
孺,金
赛,金
糁,金
缫,金
擅,金
声,金
谥,金
蟀,金
瞬,金
锶,金
耸,金
锼,金
谡,金
虽,金
隋,金
缩,金
戏,金
谿,金
膝,金
蟋,金
猃,金
馅,金
痫,金
鲜,金
谢,金
鸺,金
逊,金
翼,金
舆,金
糟,金
罾,金
铡,金
斋,金
毡,金
锗,金
钟,金
诌,金
瞩,金
总,金
邹,金
鏊,金
翱,金
镑,金
鎞,金
饆,金
璨,金
蝉,金
繟,金
儭,金
艟,金
懤,金
储,金
幮,金
雏,金
膪,金
蹙,金
窜,金
鄜,金
镐,金
镉,金
环,金
秽,金
劐,金
镓,金
铠,金
镏,金
镎,金
啮,金
聂,金
镍,金
拧,金
狞,金
阙,金
阕,金
镕,金
鞣,金
铩,金
蟮,金
缮,金
觞,金
婶,金
双,金
飕,金
锁,金
钨,金
饩,金
雟,金
燹,金
蟓,金
擤,金
镒,金
遭,金
赜,金
缯,金
镇,金
织,金
颛,金
鬃,金
鏖,金
镚,金
镖,金
襜,金
蟾,金
铲,金
鲳,金
惩,金
迟,金
宠,金
畴,金
辞,金
蹴,金
祷,金
镝,金
颠,金
牍,金
犊,金
镜,金
铿,金
鎏,金
镂,金
镘,金
锚,金
镆,金
锘,金
迁,金
锵,金
谯,金
鲭,金
鹊,金
颡,金
臊,金
骚,金
鄯,金
膻,金
绳,金
识,金
兽,金
摅,金
馊,金
擞,金
镗,金
醯,金
系,金
暹,金
馐,金
选,金
赞,金
錾,金
躁,金
谮,金
鲰,金
镞,金
遵,金
镡,金
犨,金
触,金
鰆,金
镫,金
镦,金
镄,金
铧,金
锏,金
鐍,金
镢,金
锎,金
铹,金
镣,金
鏻,金
聍,金
镤,金
镨,金
缱,金
镪,金
謦,金
黥,金
蝾,金
蠕,金
襦,金
鳃,金
馓,金
骟,金
释,金
孀,金
铴,金
璺,金
霰,金
馨,金
繻,金
续,金
译,金
谵,金
鐘,金
驺,金
鐾,金
骖,金
鸧,金
虿,金
忏,金
搀,金
韂,金
羼,金
衬,金
铛,金
躇,金
鹚,金
呲,金
骢,金
铎,金
镌,金
镭,金
镰,金
嗫,金
谴,金
蛩,金
麝,金
隧,金
随,金
邃,金
铁,金
燨,金
险,金
镱,金
儹,金
踯,金
属,金
镯,金
鄹,金
镔,金
镲,金
冁,金
躔,金
摛,金
蹰,金
撺,金
镬,金
鉴,金
跫,金
慑,金
隰,金
袭,金
骁,金
癣,金
铸,金
镳,金
黪,金
髑,金
镥,金
颥,金
鳝,金
铄,金
鸶,金
髓,金
鱚,金
鼷,金
纤,金
鹇,金
攒,金
脏,金
齇,金
鳟,金
镈,金
蚕,金
谗,金
谶,金
矗,金
鑫,金
瓒,金
骤,金
鑶,金
镵,金
鲿,金
蹿,金
镧,金
蹑,金
镶,金
赃,金
馋,金
镩,金
骥,金
镊,金
酾,金
跹,金
趱,金
黩,金
銮,金
锣,金
颞,金
钻,金
齼,金
爨,金
干,木
工,木
弓,木
及,木
丌,木
孑,木
巾,木
久,木
口,木
廿,木
乞,木
彡,木
已,木
卞,木
丐,木
公,木
勾,木
介,木
今,木
斤,木
亢,木
孔,木
木,木
牛,木
亓,木
欠,木
犬,木
牙,木
元,木
月,木
匀,木
本,木
尕,木
甘,木
仡,木
功,木
古,木
瓜,木
宄,木
卉,木
加,木
甲,木
叫,木
巨,木
句,木
卡,木
可,木
叩,木
卯,木
巧,木
囚,木
丘,木
去,木
外,木
未,木
五,木
玉,木
札,木
朳,木
朵,木
尬,木
各,木
共,木
吉,木
伎,木
乩,木
奸,木
件,木
囝,木
幵,木
交,木
臼,木
伉,木
考,木
夼,木
匡,木
企,木
犰,木
曲,木
戎,木
朽,木
吁,木
旭,木
仰,木
聿,木
竹,木
朱,木
杓,木
材,木
岑,木
杈,木
床,木
村,木
杜,木
呃,木
伽,木
改,木
杆,木
杠,木
告,木
更,木
攻,木
估,木
谷,木
庋,木
呙,木
囯,木
旱,木
何,木
吼,木
肓,木
妓,木
忌,木
夹,木
见,木
角,木
疖,木
劫,木
妗,木
究,木
姖,木
君,木
局,木
佧,木
囥,木
扛,木
克,木
壳,木
扣,木
困,木
伲,木
你,木
杞,木
扦,木
羌,木
劬,木
却,木
杉,木
我,木
吾,木
杌,木
扤,木
吴,木
匣,木
吓,木
杏,木
言,木
吟,木
杖,木
昂,木
枊,木
板,木
杯,木
杻,木
杵,木
东,木
扼,木
妸,木
枋,木
斧,木
呷,木
秆,木
杲,木
疙,木
供,木
咕,木
固,木
孤,木
姑,木
呱,木
乖,木
官,木
果,木
杭,木
忽,木
昏,木
亟,木
佶,木
肌,木
技,木
季,木
佳,木
肩,木
佼,木
艽,木
届,木
卺,木
京,木
疚,木
玖,木
赳,木
纠,木
卷,木
居,木
咀,木
具,木
咔,木
咖,木
抗,木
肯,木
空,木
快,木
狂,木
林,木
枚,木
杪,木
艿,木
呢,木
杷,木
枇,木
其,木
歧,木
奇,木
穹,木
虬,木
屈,木
券,木
枘,木
松,木
枉,木
卧,木
析,木
欣,木
芎,木
厓,木
兖,木
杳,木
宜,木
枕,木
枝,木
杼,木
竺,木
柈,木
枹,木
柲,木
柄,木
柢,木
芏,木
俄,木
尜,木
柑,木
疳,木
肝,木
竿,木
肛,木
缸,木
纥,木
虼,木
革,木
咯,木
哏,木
狗,木
枸,木
牯,木
故,木
冠,木
咣,木
柜,木
皈,木
轨,木
癸,木
哄,木
訇,木
虹,木
级,木
咭,木
急,木
纪,木
既,木
芨,木
枷,木
架,木
建,木
牮,木
姜,木
姣,木
蚧,木
疥,木
皆,木
界,木
劲,木
矜,木
扃,木
九,木
韭,木
军,木
拘,木
拒,木
狙,木
看,木
咳,木
客,木
科,木
柯,木
哐,木
柃,木
柳,木
芒,木
昵,木
怩,木
拈,木
芃,木
枰,木
祈,木
芑,木
契,木
恰,木
芊,木
俏,木
俅,木
酋,木
畎,木
芍,木
柿,木
柝,木
柁,木
玩,木
芄,木
叚,木
侠,木
狎,木
柙,木
相,木
枵,木
彦,木
疫,木
弈,木
奕,木
羿,木
胤,木
柚,木
芋,木
禺,木
竽,木
栅,木
柘,木
枳,木
柱,木
斫,木
柞,木
桉,木
笆,木
芭,木
柏,木
梆,木
苄,木
栟,木
栢,木
柴,木
婀,木
苊,木
屙,木
芳,木
芬,木
粉,木
芙,木
酐,木
绀,木
羔,木
高,木
哥,木
格,木
哿,木
鬲,木
根,木
哽,木
耕,木
肱,木
恭,木
躬,木
拱,木
贡,木
蚣,木
罟,木
骨,木
股,木
挂,木
栝,木
倌,木
桄,木
鬼,木
桂,木
衮,木
核,木
桁,木
讧,木
笏,木
花,木
桓,木
恢,木
屐,木
记,木
脊,木
笄,木
姬,木
唧,木
笈,木
家,木
恝,木
痂,木
珈,木
兼,木
豇,木
狡,木
桀,木
芥,木
讦,木
拮,木
衿,木
径,木
肼,木
弪,木
桕,木
柩,木
娟,木
倦,木
桊,木
隽,木
倨,木
疽,木
俱,木
桔,木
拷,木
栲,木
珂,木
恪,木
疴,木
恐,木
倥,木
芤,木
哭,木
库,木
框,木
括,木
栳,木
栗,木
匿,木
臬,木
耙,木
芘,木
耆,木
岂,木
芪,木
起,木
气,木
栖,木
祗,木
虔,木
肷,木
芡,木
衾,木
芩,木
芹,木
祛,木
拳,木
缺,木
桑,木
芟,木
秫,木
栓,木
凇,木
笋,木
桃,木
桐,木
砼,木
桅,木
芴,木
奚,木
哮,木
校,木
芯,木
栩,木
桠,木
芽,木
唁,木
芫,木
倚,木
苡,木
痈,木
邕,木
圄,木
娱,木
峪,木
原,木
纭,木
芸,木
笊,木
桎,木
芷,木
芝,木
株,木
桌,木
茇,木
苞,木
笨,木
苯,木
梐,木
苾,木
彬,木
梣,木
茬,木
趁,木
茌,木
笞,木
崔,木
笪,木
笛,木
兜,木
轭,木
梵,木
苻,木
符,木
桴,木
敢,木
苷,木
舸,木
梗,木
珙,木
笱,木
苟,木
梏,木
蛄,木
牿,木
胍,木
规,木
匦,木
国,木
捍,木
悍,木
偈,木
寄,木
胛,木
笳,木
袈,木
徦,木
蛱,木
戛,木
假,木
枧,木
趼,木
健,木
坚,木
皎,木
教,木
秸,木
婕,木
近,木
堇,木
婧,木
竟,木
救,木
捐,木
眷,木
桷,木
捃,木
苣,木
趄,木
苴,木
胩,木
康,木
苛,木
氪,木
啃,木
寇,木
苦,木
眶,木
悝,木
盔,木
梱,木
捆,木
悃,木
婪,木
笠,木
啉,木
苓,木
茅,木
茂,木
茆,木
梅,木
苠,木
茉,木
苜,木
旎,木
偶,木
苤,木
笸,木
弃,木
启,木
乾,木
悄,木
茄,木
顷,木
卿,木
筇,木
蚯,木
蛆,木
朐,木
娶,木
区,木
痊,木
悛,木
圈,木
苒,木
若,木
啬,木
苫,木
梢,木
苕,木
笙,木
倏,木
梳,木
术,木
笥,木
桫,木
梭,木
苔,木
梯,木
笤,木
梃,木
桶,木
偓,木
悟,木
晤,木
梧,木
狭,木
厢,木
枭,木
偕,木
械,木
许,木
研,木
眼,木
厣,木
闫,木
悒,木
挹,木
翊,木
茚,木
英,木
唷,木
庾,木
圉,木
苑,木
笮,木
苎,木
棁,木
茁,木
梓,木
棒,木
椑,木
笔,木
草,木
策,木
茶,木
枨,木
茺,木
楮,木
荈,木
篅,木
棰,木
椎,木
茈,木
茨,木
答,木
等,木
第,木
棣,木
迭,木
栋,木
筏,木
棼,木
茯,木
尴,木
皋,木
袼,木
胳,木
给,木
茛,木
轱,木
酤,木
觚,木
诂,木
雇,木
贯,木
棺,木
胱,木
贵,木
晷,木
棍,木
聒,木
椁,木
皓,木
闳,木
喉,木
荒,木
荟,木
茴,木
殛,木
棘,木
戢,木
嵇,木
极,木
掎,木
悸,木
几,木
集,木
跏,木
迦,木
间,木
荐,木
绛,木
茭,木
椒,木
蛟,木
绞,木
窖,木
喈,木
街,木
杰,木
结,木
荩,木
筋,木
阱,木
景,木
痉,木
窘,木
啾,木
厩,木
莒,木
掘,木
珺,木
掬,木
椐,木
距,木
讵,木
犋,木
喀,木
凯,木
开,木
钪,木
闶,木
轲,木
棵,木
控,木
贶,木
筐,木
傀,木
喟,木
蛞,木
棱,木
荔,木
椋,木
荦,木
络,木
荬,木
棉,木
茗,木
猊,木
棚,木
祁,木
欺,木
期,木
棋,木
掐,木
袷,木
嵌,木
掮,木
茜,木
犍,木
羟,木
强,木
乔,木
琴,木
覃,木
邱,木
球,木
蛐,木
诎,木
荃,木
筌,木
荏,木
茸,木
茹,木
阮,木
森,木
筛,木
耜,木
棠,木
荑,木
统,木
筒,木
茼,木
椭,木
皖,木
稀,木
厦,木
筅,木
荇,木
悻,木
荀,木
雅,木
雁,木
掩,木
傜,木
尧,木
椅,木
茵,木
硬,木
哟,木
驭,木
饫,木
寓,木
栈,木
棹,木
植,木
茱,木
棕,木
最,木
荸,木
箅,木
筴,木
槎,木
搽,木
楂,木
茝,木
椿,木
榱,木
戥,木
荻,木
椴,木
蛾,木
愕,木
莪,木
枫,木
莩,木
嗄,木
概,木
戤,木
赅,木
陔,木
该,木
幹,木
感,木
筻,木
嗝,木
塥,木
跟,木
绠,木
诟,木
彀,木
痼,木
诖,木
琯,木
跪,木
诡,木
荷,木
嗬,木
猴,木
逅,木
楫,木
麂,木
嫉,木
畸,木
诘,木
荚,木
嫁,木
减,木
毽,木
楗,木
笕,木
拣,木
酱,木
敫,木
跤,木
脚,木
郊,木
睫,木
揭,木
解,木
仅,木
靳,木
禁,木
睛,木
经,木
敬,木
茎,木
胫,木
迥,木
舅,木
揪,木
绢,木
筠,木
榉,木
雎,木
琚,木
慨,木
揩,木
楷,木
戡,木
莰,木
稞,木
窠,木
嗑,木
筘,木
窟,木
夸,木
蒯,木
诓,木
暌,木
揆,木
琨,木
髡,木
廓,木
楞,木
莅,木
莉,木
楝,木
廉,木
莨,木
琳,木
莽,木
莓,木
楣,木
娩,木
募,木
楠,木
睨,木
逆,木
筢,木
榀,木
莆,木
颀,木
祺,木
琪,木
琦,木
愆,木
箝,木
佥,木
樯,木
呛,木
愀,木
勤,木
倾,木
楸,木
辁,木
诠,木
群,木
裙,木
嗓,木
莎,木
筲,木
椹,木
莘,木
筮,木
竖,木
颂,木
荽,木
莛,木
荼,木
莞,木
斡,木
莴,木
珷,木
皙,木
暇,木
苋,木
莶,木
楔,木
歇,木
楦,木
靴,木
罨,木
筵,木
杨,木
业,木
椰,木
肄,木
义,木
楹,木
莸,木
莠,木
莜,木
榆,木
愚,木
瘐,木
预,木
御,木
猹,木
桢,木
孳,木
罪,木
菝,木
榜,木
菢,木
菶,木
箄,木
萆,木
菜,木
菖,木
苌,木
尝,木
篪,木
椽,木
菙,木
萃,木
萏,木
菪,木
凳,木
摁,木
榧,木
菲,木
菔,木
嘎,木
盖,木
赶,木
纲,木
膏,木
郜,木
槁,木
搞,木
睾,木
诰,木
搿,木
箇,木
歌,木
郠,木
构,木
菰,木
菇,木
箍,木
鼓,木
褂,木
管,木
逛,木
绲,木
蜾,木
帼,木
菡,木
赫,木
瘊,木
槐,木
萑,木
夥,木
箕,木
暨,木
跽,木
嘉,木
郏,木
瘕,木
搛,木
戬,木
笺,木
菅,木
僭,木
降,木
僬,木
饺,木
酵,木
侥,木
骱,木
截,木
诫,木
竭,木
紧,木
廑,木
腈,木
兢,木
菁,木
僦,木
皲,木
菌,木
郡,木
菊,木
裾,木
矩,木
忾,木
犒,木
裉,木
箜,木
酷,木
骷,木
筷,木
匮,木
睽,木
愧,木
魁,木
莱,木
榔,木
菱,木
榴,木
杩,木
樠,木
萌,木
幕,木
墓,木
萘,木
裴,木
菩,木
萁,木
旗,木
綦,木
绮,木
葺,木
萋,木
嘁,木
桤,木
歉,木
搴,木
枪,木
侨,木
敲,木
诮,木
箧,木
箐,木
轻,木
赇,木
逑,木
巯,木
绻,木
蜷,木
榷,木
荣,木
榕,木
箬,木
瑟,木
菽,木
槊,木
菘,木
算,木
榫,木
榻,木
萄,木
萜,木
菟,木
菀,木
萎,木
伪,木
菥,木
箫,木
榍,木
榭,木
酽,木
菸,木
厌,木
瘗,木
疑,木
蜴,木
萤,木
郢,木
语,木
萸,木
妪,木
箢,木
瑗,木
愿,木
榨,木
寨,木
肇,木
榛,木
筝,木
菑,木
菹,木
葆,木
箯,木
萹,木
标,木
槽,木
箣,木
郴,木
樘,木
樗,木
枞,木
稻,木
噔,木
蒂,木
腭,木
樊,木
葑,木
橄,木
稿,木
葛,木
赓,木
巩,木
穀,木
广,木
妫,木
瑰,木
掴,木
郭,木
皞,木
荭,木
篌,木
糇,木
葫,木
槲,木
篁,木
蝗,木
赍,木
稷,木
叽,木
缉,木
挤,木
瘠,木
稽,木
稼,木
驾,木
价,木
葭,木
箭,木
翦,木
腱,木
俭,木
贱,木
僵,木
桨,木
噍,木
胶,木
娇,木
羯,木
颉,木
槿,木
儆,木
獍,木
阄,木
樛,木
驹,木
踞,木
蒈,木
慷,木
靠,木
课,木
蝌,木
瞌,木
颏,木
缂,木
抠,木
侉,木
侩,木
宽,木
款,木
诳,木
葵,木
醌,木
阃,木
楼,木
面,木
模,木
耦,木
葩,木
篇,木
葡,木
槭,木
葜,木
悭,木
椠,木
庆,木
穷,木
茕,木
萩,木
蝤,木
葚,木
枢,木
葶,木
苇,木
蒍,木
葳,木
妩,木
葸,木
瞎,木
贤,木
缃,木
葙,木
箱,木
蝎,木
萱,木
样,木
谊,木
仪,木
毅,木
媵,木
莹,木
窳,木
葬,木
樟,木
箴,木
荮,木
箸,木
著,木
醉,木
蓓,木
筚,木
蓖,木
篦,木
荜,木
篰,木
蔀,木
苍,木
橙,木
篘,木
莼,木
笃,木
遏,木
谔,木
萼,木
饿,木
噩,木
鄂,木
阏,木
蒽,木
篚,木
噶,木
篙,木
缟,木
糕,木
膈,木
骼,木
毂,木
鸪,木
掼,木
龟,木
辊,木
过,木
嚆,木
蒿,木
横,木
黉,木
鲎,木
骺,木
桦,木
慌,木
隍,木
荤,木
剂,木
墼,木
蒺,木
髻,木
畿,木
冀,木
机,木
颊,木
踺,木
缣,木
蒹,木
谏,木
耩,木
犟,木
彊,木
挢,木
徼,木
噤,木
缙,木
憬,木
颈,木
鄄,木
橛,木
麇,木
窭,木
踽,木
橘,木
举,木
瞰,木
眍,木
裤,木
哙,木
愦,木
窥,木
篥,木
梦,木
蒲,木
朴,木
器,木
褰,木
黔,木
桥,木
憔,木
樵,木
撬,木
鞘,木
橇,木
擒,木
亲,木
螓,木
檎,木
檠,木
磬,木
鼽,木
遒,木
糗,木
趋,木
鸲,木
磲,木
桡,木
蓉,木
蓐,木
穑,木
树,木
蒴,木
蒜,木
荪,木
蓑,木
蓊,木
樨,木
县,木
橡,木
筱,木
啸,木
谐,木
蓄,木
谚,木
阎,木
窑,木
缢,木
颖,木
萦,木
蓥,木
嬴,木
阈,木
遇,木
圜,木
樾,木
蓁,木
蒸,木
筑,木
篆,木
嘴,木
樽,木
蒡,木
蔽,木
檦,木
檗,木
蔡,木
篸,木
柽,木
苁,木
葱,木
蔟,木
簇,木
档,木
瞪,木
懂,木
篼,木
蔸,木
擀,木
鸽,木
购,木
篝,木
媾,木
鸹,木
馆,木
簋,木
馘,木
蝈,木
癀,木
桧,木
豁,木
觊,木
击,木
哜,木
玑,木
激,木
謇,木
捡,木
艰,木
检,木
鞯,木
讲,木
蒋,木
矫,木
鲛,木
阶,木
鲒,木
鞫,木
据,木
飓,木
鞠,木
糠,木
髁,木
颗,木
恳,木
蔻,木
挎,木
狯,木
亏,木
栏,木
檑,木
莲,木
联,木
敛,木
蓼,木
檩,木
蒌,木
篓,木
簏,木
蔓,木
懋,木
甍,木
蔑,木
篾,木
蔫,木
茑,木
蓬,木
谦,木
瞧,木
罄,木
擎,木
蕖,木
阒,木
蔌,木
簌,木
檀,木
蔚,木
檄,木
蓰,木
蹊,木
罅,木
辖,木
芗,木
魈,木
蓿,木
檐,木
荫,木
营,木
狱,木
岳,木
箦,木
蔗,木
栉,木
赚,木
桩,木
槟,木
簙,木
檫,木
蒇,木
檮,木
槌,木
箪,木
簦,木
簟,木
蕫,木
额,木
鹅,木
颚,木
蕃,木
隔,木
搁,木
鲠,木
遘,木
觏,木
瞽,木
鹄,木
归,木
鲧,木
蟥,木
簧,木
蕙,木
获,木
蕺,木
犄,木
虮,木
鲫,木
槛,木
谫,木
鲣,木
简,木
睑,木
裥,木
糨,木
蕉,木
觐,木
谨,木
旧,木
鹃,木
蕨,木
屦,木
骒,木
蒉,木
聩,木
篑,木
拦,木
瞢,木
拟,木
腻,木
柠,木
骐,木
骑,木
荨,木
襁,木
翘,木
荞,木
鄡,木
窍,木
苘,木
躯,木
瞿,木
璩,木
觑,木
鬈,木
绕,木
荛,木
蕊,木
蕤,木
蔬,木
梼,木
隗,木
魏,木
芜,木
黠,木
蕈,木
颜,木
蝇,木
蜮,木
鹆,木
簪,木
蕞,木
薜,木
簸,木
橱,木
薋,木
蹬,木
椟,木
臌,木
关,木
犷,木
薅,木
薨,木
蕻,木
谎,木
蓟,木
讥,木
缰,木
缴,木
轿,木
醮,木
馑,木
襟,木
鲸,木
鬏,木
绔,木
胯,木
脍,木
旷,木
鲲,木
扩,木
蕾,木
栎,木
枥,木
橹,木
麓,木
难,木
鲵,木
攀,木
麒,木
髂,木
签,木
蔷,木
跷,木
缲,木
黢,木
醛,木
萨,木
薯,木
薇,木
蕹,木
肖,木
萧,木
撷,木
薤,木
蟹,木
薪,木
薛,木
赝,木
遗,木
蚁,木
薏,木
蓣,木
籀,木
藊,木
藏,木
榇,木
筹,木
篡,木
鳄,木
鹗,木
藁,木
鳇,木
蠖,木
攉,木
继,木
籍,木
舰,木
藉,木
警,木
竞,木
觉,木
龃,木
遽,木
醵,木
阚,木
喾,木
跨,木
郐,木
纩,木
馈,木
篮,木
蓝,木
栊,木
栌,木
檬,木
藐,木
篷,木
蛴,木
脐,木
荠,木
骞,木
琼,木
鳅,木
劝,木
薷,木
薹,木
牺,木
献,木
悬,木
薰,木
严,木
邀,木
议,木
橼,木
黦,木
橥,木
槠,木
纂,木
藨,木
顾,木
鹘,木
鳏,木
颢,木
鸡,木
饥,木
茧,木
歼,木
鹣,木
赆,木
夔,木
藜,木
藕,木
鞒,木
驱,木
饶,木
薮,木
藤,木
嚣,木
药,木
艺,木
龈,木
樱,木
莺,木
蔼,木
龚,木
瓘,木
蘅,木
骄,木
惧,木
鱇,木
邝,木
籁,木
苈,木
蔺,木
茏,木
笼,木
芦,木
蘑,木
孽,木
苹,木
蕲,木
氍,木
权,木
苏,木
俨,木
瘿,木
龉,木
鬻,木
蕴,木
欑,木
蘩,木
蛊,木
鳜,木
藿,木
鹪,木
惊,木
鹫,木
蠲,木
兰,木
蔹,木
椤,木
蓦,木
蘖,木
癯,木
蘧,木
藓,木
验,木
鼹,木
驿,木
鹬,木
霭,木
簖,木
赣,木
羁,木
搅,木
蓠,木
篱,木
酿,木
龋,木
衢,木
魇,木
鹰,木
攥,木
观,木
鲚,木
髋,木
榄,木
萝,木
箩,木
蘸,木
缵,木
蠼,木
躜,木
颧,木
谳,木
笾,木
戆,木
棂,木
勹,水
卜,水
乜,水
凡,水
亡,水
下,水
子,水
巴,水
比,水
不,水
歹,水
反,水
方,水
分,水
夫,水
父,水
互,水
户,水
化,水
幻,水
毛,水
爿,水
匹,水
片,水
壬,水
卅,水
水,水
文,水
毋,水
勿,水
叭,水
白,水
半,水
包,水
北,水
必,水
弁,水
布,水
卟,水
付,水
弗,水
夯,水
禾,水
弘,水
乎,水
矛,水
民,水
皿,水
末,水
仫,水
母,水
目,水
皮,水
丕,水
氕,水
平,水
叵,水
仨,水
兄,水
玄,水
穴,水
疋,水
匝,水
扒,水
百,水
冰,水
并,水
凼,水
伐,水
氾,水
帆,水
犯,水
仿,水
妃,水
份,水
缶,水
伏,水
亥,水
好,水
合,水
冱,水
回,水
糸,水
米,水
名,水
牟,水
仳,水
牝,水
乒,水
收,水
汀,水
危,水
向,水
刑,水
行,水
凶,水
休,水
血,水
印,水
汁,水
弝,水
吧,水
夿,水
伴,水
贝,水
伻,水
吡,水
佊,水
庇,水
妣,水
皀,水
别,水
兵,水
伯,水
孛,水
步,水
吥,水
汊,水
池,水
汎,水
妨,水
彷,水
吠,水
吩,水
佛,水
否,水
孚,水
呋,水
甫,水
汞,水
佝,水
汗,水
罕,水
含,水
亨,水
宏,水
弧,水
囫,水
即,水
汲,水
江,水
戒,水
况,水
冷,水
忙,水
每,水
芈,水
妙,水
尿,水
妞,水
尨,水
屁,水
伾,水
汝,水
汕,水
汜,水
忘,水
尾,水
污,水
汐,水
希,水
孝,水
形,水
汛,水
妤,水
妘,水
岸,水
爸,水
八,水
把,水
攽,水
扳,水
版,水
扮,水
姅,水
孢,水
卑,水
彼,水
畀,水
屄,水
沘,水
抃,水
汳,水
忭,水
汴,水
表,水
幷,水
秉,水
帛,水
瓝,水
沉,水
沌,水
泛,水
放,水
房,水
非,水
氛,水
汾,水
忿,水
奉,水
扶,水
阜,水
咐,水
府,水
冈,水
汩,水
卦,水
侅,水
沆,水
劾,水
佫,水
呵,水
和,水
虎,水
呼,水
或,水
泐,水
盲,水
牦,水
妹,水
没,水
门,水
孟,水
氓,水
汨,水
宓,水
明,水
命,水
沫,水
殁,水
侔,水
牧,水
姆,水
沐,水
狃,水
忸,水
扭,水
抛,水
庖,水
咆,水
帔,水
呸,水
沛,水
佩,水
朋,水
批,水
沏,水
汔,水
汽,水
沁,水
沙,水
沈,水
汰,水
汪,水
味,水
汶,水
沃,水
物,水
武,水
弦,水
冼,水
享,水
协,水
忻,水
幸,水
汹,水
沂,水
雨,水
沅,水
咂,水
沚,水
状,水
疤,水
拔,水
拜,水
拌,水
抱,水
保,水
背,水
祊,水
泵,水
甭,水
毖,水
窆,水
昪,水
扁,水
便,水
泊,水
波,水
勃,水
哺,水
怖,水
匆,水
沲,水
法,水
畈,水
沸,水
狒,水
飞,水
玢,水
封,水
风,水
氟,水
讣,水
罘,水
负,水
凫,水
俘,水
怫,水
拊,水
拂,水
泔,水
沽,水
哈,水
孩,水
河,水
很,水
红,水
泓,水
厚,水
后,水
侯,水
怙,水
狐,水
徊,水
奂,水
宦,水
皇,水
虺,水
哕,水
计,水
炬,水
沮,水
泪,水
泠,水
抹,水
泖,水
昴,水
冒,水
眉,水
玫,水
美,水
昧,水
虻,水
弭,水
咪,水
泌,水
沔,水
勉,水
眇,水
秒,水
咩,水
抿,水
泯,水
哞,水
某,水
拇,水
姥,水
泥,水
拍,水
哌,水
叛,水
盼,水
泮,水
拚,水
狍,水
疱,水
泡,水
怦,水
抨,水
毗,水
披,水
品,水
姘,水
屏,水
泼,水
匍,水
柒,水
泣,水
泅,水
泉,水
染,水
娆,水
沭,水
泗,水
沱,水
咸,水
香,水
巷,水
卸,水
泄,水
泫,水
泶,水
沿,水
妍,水
泱,水
盈,水
泳,水
油,水
沾,水
沼,水
治,水
注,水
氨,水
粑,水
呗,水
班,水
般,水
舨,水
趵,水
豹,水
倴,水
倍,水
畚,水
舭,水
秕,水
珌,水
俾,水
髟,水
俵,水
病,水
洴,水
玻,水
砵,水
亳,水
哱,水
庯,水
秤,水
臭,水
泚,水
洞,水
娥,水
洱,水
纺,水
肪,水
舫,水
匪,水
肥,水
肺,水
纷,水
峰,水
俸,水
俯,水
釜,水
蚨,水
祓,水
服,水
氦,水
害,水
邗,水
函,水
蚶,水
航,水
耗,水
盍,水
狠,水
恨,水
哼,水
恒,水
洪,水
候,水
祜,水
洹,水
恚,水
洄,水
活,水
洎,水
浃,水
津,水
酒,水
洌,水
洛,水
马,水
邙,水
旄,水
们,水
勐,水
秘,水
敉,水
洣,水
眠,水
眄,水
珉,水
秣,水
毪,水
亩,水
纽,水
俳,水
派,水
畔,水
袢,水
旁,水
配,水
蚍,水
疲,水
拼,水
俜,水
娉,水
珀,水
圃,水
迄,水
讫,水
凄,水
洽,水
洳,水
洒,水
杀,水
纱,水
娑,水
洮,水
洼,水
洧,水
纹,水
蚊,水
务,水
洗,水
效,水
绁,水
洩,水
胁,水
屑,水
洫,水
恤,水
恂,水
训,水
洵,水
衍,水
洋,水
洇,水
耘,水
拶,水
洲,水
洙,水
浊,水
捌,水
豝,水
胈,水
败,水
绊,水
浜,水
邦,水
胞,水
偝,水
狈,水
被,水
闭,水
庳,水
狴,水
逼,水
敝,水
偪,水
婢,水
毕,水
徧,水
贬,水
匾,水
婊,水
彪,水
斌,水
邠,水
浡,水
舶,水
捕,水
涔,水
唇,水
讹,水
贩,水
返,水
访,水
啡,水
酚,水
唪,水
妇,水
艴,水
麸,水
绂,水
趺,水
绋,水
浮,水
匐,水
够,水
海,水
酣,水
浛,水
浩,水
毫,水
盒,水
痕,水
珩,水
唿,水
扈,水
瓠,水
唬,水
患,水
凰,水
悔,水
彗,水
晦,水
婚,水
货,水
浸,水
泾,水
涓,水
浚,水
浪,水
流,水
麻,水
麦,水
脉,水
曼,水
袤,水
浼,水
眯,水
觅,水
密,水
冕,水
喵,水
苗,水
敏,水
眸,水
涅,水
徘,水
胖,水
脬,水
袍,水
匏,水
胚,水
旆,水
烹,水
啤,水
偏,水
殍,水
票,水
贫,水
婆,水
粕,水
浦,水
渠,水
挲,水
涩,水
涉,水
涑,水
涕,水
涂,水
晚,水
望,水
偎,水
浯,水
习,水
浠,水
涎,水
消,水
邪,水
挟,水
婞,水
讻,水
虚,水
雪,水
涌,水
雩,水
浴,水
鱼,水
浙,水
浞,水
跋,水
阪,水
湴,水
棓,水
傍,水
绑,水
报,水
悲,水
邶,水
备,水
贲,水
絣,水
琫,水
弼,水
皕,水
诐,水
邲,水
赑,水
揙,水
幖,水
猋,水
邴,水
博,水
啵,水
跛,水
钚,水
瓿,水
淳,水
淙,水
淬,水
淡,水
发,水
饭,水
番,水
邡,水
防,水
淝,水
扉,水
斐,水
悱,水
粪,水
冯,水
傅,水
幅,水
稃,水
复,水
富,水
涪,水
跗,水
袱,水
淦,水
涫,水
蛤,水
胲,水
琀,水
邯,水
喊,水
寒,水
涵,水
顸,水
绗,水
淏,水
贺,水
诃,水
喝,水
涸,水
訸,水
惚,水
淮,水
唤,水
徨,水
蛔,水
惠,水
混,水
耠,水
惑,水
渐,水
荆,水
涞,水
涼,水
淋,水
淩,水
渌,水
沦,水
傌,水
买,水
茫,水
贸,水
帽,水
媒,水
媚,水
寐,水
扪,水
闷,水
猛,水
幂,水
脒,水
描,水
淼,水
闵,水
黾,水
蛑,水
淖,水
牌,水
排,水
跑,水
彭,水
捧,水
痞,水
邳,水
胼,水
评,水
迫,水
普,水
淇,水
浅,水
清,水
脎,水
深,水
淑,水
涮,水
淞,水
淌,水
淘,水
淟,水
添,水
涴,水
雯,水
涡,水
无,水
淅,水
喜,水
闲,水
现,水
项,水
淆,水
雄,水
徇,水
涯,水
淹,水
液,水
淫,水
淯,水
淤,水
渊,水
云,水
粥,水
涿,水
淄,水
靶,水
颁,水
斑,水
斒,水
稖,水
雹,水
陂,水
琲,水
迸,水
愊,水
愎,水
哔,水
痹,水
辟,水
閟,水
睥,水
惼,水
飑,水
禀,水
摒,水
脖,水
渤,水
补,水
测,水
滁,水
渡,水
沨,水
蜂,水
脯,水
溉,水
港,水
傼,水
颃,水
嗥,水
号,水
貉,水
郃,水
郈,水
轷,水
猢,水
琥,水
湖,水
豢,水
换,水
涣,水
郇,水
湟,水
惶,水
毁,水
贿,水
晖,水
汇,水
喙,水
挥,水
会,水
浑,水
贾,水
湔,水
茳,水
较,水
粳,水
鸠,水
渴,水
雷,水
粱,水
妈,水
吗,水
湄,水
猸,水
渼,水
盟,水
迷,水
渺,水
湣,水
愍,水
酩,水
莫,水
貊,水
脲,水
琶,水
湃,水
湓,水
琵,水
媲,水
犏,水
剽,水
聘,水
瓶,水
裘,水
湫,水
惹,水
绥,水
汤,水
湍,水
渭,水
微,水
湋,水
渥,水
熙,水
湘,水
渫,水
溆,水
渲,水
湮,水
游,水
郁,水
渝,水
渣,水
湛,水
浈,水
滞,水
渚,水
煮,水
蝂,水
搬,水
搒,水
饱,水
悖,水
嘣,水
绷,水
裨,水
碧,水
馝,水
滗,水
鼻,水
币,水
弊,水
稨,水
裱,水
滮,水
宾,水
箔,水
驳,水
菠,水
搏,水
僰,水
逋,水
沧,水
滀,水
呆,水
涤,水
滇,水
蜚,水
翡,水
腓,水
绯,水
偾,水
凤,水
疯,水
逢,水
腐,水
滏,水
腑,水
辅,水
孵,水
福,水
郛,水
阁,水
沟,水
嘏,水
寡,水
滚,水
嗨,水
豪,水
滈,水
菏,水
阂,水
瑚,水
华,水
猾,水
滑,水
痪,水
滉,水
诲,水
珲,水
溷,水
魂,水
祸,水
溘,水
滥,水
溧,水
溜,水
嘛,水
唛,水
犸,水
幔,水
瑁,水
髦,水
瞀,水
么,水
酶,水
艋,水
蜢,水
嘧,水
蜜,水
绵,水
瞄,水
灭,水
闽,水
冥,水
溟,水
鸣,水
暝,水
陌,水
麽,水
寞,水
嫫,水
溺,水
滂,水
脾,水
蜱,水
罴,水
嫖,水
嘌,水
萍,水
颇,水
溥,水
仆,水
蜞,水
溱,水
溶,水
溽,水
飒,水
饲,水
溲,水
溯,水
溻,水
溏,水
滔,水
网,水
瘟,水
闻,水
郚,水
舞,水
溪,水
郗,水
携,水
荥,水
熊,水
溴,水
踅,水
熏,水
窨,水
溢,水
源,水
滋,水
滓,水
魃,水
鲃,水
罢,水
瘢,水
魬,水
褒,水
鸨,水
暴,水
褓,水
辈,水
骳,水
褙,水
奔,水
駜,水
髲,水
陛,水
腷,水
编,水
褊,水
蝙,水
缏,水
麃,水
摽,水
憋,水
饼,水
葧,水
踣,水
部,水
餔,水
漕,水
浐,水
漘,水
蝽,水
醇,水
滴,水
范,水
幡,水
鲂,水
诽,水
幞,水
赋,水
蝜,水
腹,水
肤,水
蝠,水
蝮,水
驸,水
澉,水
缑,水
盥,水
虢,水
撖,水
汉,水
憨,水
褐,水
颌,水
滹,水
沪,水
浒,水
哗,水
踝,水
逭,水
漶,水
麾,水
慧,水
辉,水
浆,水
漤,水
涟,水
凛,水
漏,水
漉,水
落,水
履,水
祃,水
玛,水
码,水
劢,水
卖,水
鞔,水
满,水
漫,水
慢,水
漭,水
猫,水
蝥,水
貌,水
魅,水
霉,水
缅,水
缈,水
庙,水
缗,水
瞑,水
漠,水
摩,水
墨,水
摸,水
慕,水
暮,水
沤,水
蒎,水
盘,水
醅,水
赔,水
喷,水
嘭,水
郫,水
陴,水
翩,水
漂,水
魄,水
噗,水
漆,水
憩,水
渗,水
漱,水
霆,水
万,水
逶,水
嬉,水
虾,水
饷,水
霄,水
勰,水
写,水
漩,水
演,水
漾,水
漪,水
颍,水
渔,水
漳,水
涨,水
震,水
渍,水
澳,水
鲅,水
办,水
虣,水
鲍,水
糒,水
惫,水
甏,水
鮅,水
嬖,水
觱,水
辨,水
遍,水
瘭,水
傧,水
鞞,水
鲌,水
拨,水
播,水
膊,水
饽,水
馞,水
潺,水
潮,水
澈,水
澄,水
霏,水
奋,水
愤,水
讽,水
鲋,水
抚,水
骸,水
骇,水
翰,水
颔,水
翮,水
醐,水
寰,水
潢,水
遑,水
讳,水
馄,水
阍,水
涧,水
浇,水
洁,水
溃,水
涝,水
潦,水
霖,水
蚂,水
骂,水
螨,水
瞒,水
蒙,水
醚,水
渑,水
悯,水
螟,水
默,水
瘼,水
谋,水
霓,水
凝,水
潘,水
螃,水
耪,水
霈,水
陪,水
澎,水
膨,水
谝,水
骈,水
蹁,水
瓢,水
瞟,水
瞥,水
撇,水
频,水
鲆,水
氆,水
扑,水
潜,水
润,水
撒,水
霎,水
潸,水
潲,水
澍,水
澌,水
潭,水
烫,水
潼,水
隈,水
沩,水
涠,水
阌,水
宪,水
廨,水
兴,水
学,水
噱,水
浔,水
鄅,水
沄,水
癍,水
谤,水
帮,水
跸,水
臂,水
褾,水
豳,水
擘,水
澶,水
澹,水
点,水
淀,水
璠,水
繁,水
鼢,水
缝,水
缚,水
醢,水
撼,水
憾,水
韩,水
鼾,水
嚎,水
鸿,水
觳,水
浣,水
擐,水
璜,水
隳,水
浍,水
诨,水
阔,水
蒗,水
澧,水
濂,水
潞,水
缦,水
蟒,水
蟊,水
弥,水
谧,水
糜,水
谜,水
嬷,水
膜,水
摹,水
浓,水
蟠,水
貔,水
螵,水
缥,水
嫔,水
皤,水
璞,水
霜,水
濉,水
禧,水
霞,水
乡,水
鲞,水
獬,水
亵,水
懈,水
鲟,水
澡,水
泽,水
鼥,水
鞴,水
濞,水
鄙,水
髀,水
毙,水
奰,水
鞭,水
飚,水
蹩,水
滨,水
摈,水
殡,水
馎,水
鹁,水
袯,水
鵏,水
闯,水
荡,水
翻,水
赙,水
馥,水
黻,水
覆,水
濠,水
阖,水
鄠,水
鲩,水
缋,水
蟪,水
济,水
谩,水
鄚,水
朦,水
鄍,水
谟,水
馍,水
貘,水
泞,水
蹒,水
蟛,水
癖,水
濮,水
濡,水
鲨,水
湿,水
穗,水
涛,水
潍,水
隙,水
獯,水
杂,水
濯,水
瓣,水
鹎,水
襞,水
瀌,水
瘪,水
薄,水
醭,水
簿,水
瀍,水
鹑,水
渎,水
蹯,水
鲱,水
羹,水
鞲,水
鲴,水
缳,水
绘,水
嚯,水
溅,水
猎,水
浏,水
泺,水
懑,水
蠓,水
懵,水
靡,水
祢,水
湎,水
鹋,水
鹏,水
骗,水
鄱,水
谱,水
蹼,水
瀑,水
扰,水
雾,水
泻,水
霪,水
滢,水
膀,水
龅,水
襣,水
鲾,水
避,水
躄,水
鳊,水
辫,水
穮,水
缤,水
濒,水
蠙,水
膑,水
黼,水
鳆,水
瀚,水
蚝,水
鹕,水
怀,水
还,水
濑,水
沥,水
泷,水
露,水
泸,水
迈,水
颟,水
馒,水
鹛,水
蠛,水
魔,水
譬,水
嚷,水
潇,水
邂,水
瀣,水
潆,水
瀛,水
潴,水
黯,水
霸,水
辩,水
飙,水
膘,水
骠,水
襮,水
藩,水
瀵,水
鹤,水
轰,水
护,水
澜,水
潋,水
猕,水
腼,水
邈,水
霹,水
鼙,水
鳍,水
攘,水
瀼,水
醺,水
瀹,水
边,水
鳔,水
鳖,水
沣,水
灌,水
骅,水
欢,水
獾,水
霁,水
漓,水
霾,水
鳗,水
艨,水
鳘,水
耱,水
瓤,水
穰,水
滠,水
响,水
飨,水
鳕,水
藻,水
鷩,水
变,水
鲼,水
鬟,水
禳,水
滩,水
蚌,水
髌,水
鬓,水
霍,水
辔,水
颦,水
躞,水
灞,水
酆,水
灏,水
鹱,水
漯,水
蛮,水
蘼,水
襻,水
湾,水
滦,水
缬,水
滟,水
戅,水
骉,水
刁,火
丁,火
二,火
力,火
了,火
彳,火
大,火
孓,火
女,火
勺,火
巳,火
乇,火
幺,火
弋,火
丈,火
尺,火
丹,火
吊,火
仃,火
斗,火
火,火
井,火
仂,火
内,火
日,火
太,火
天,火
屯,火
午,火
爻,火
仉,火
之,火
止,火
支,火
中,火
丙,火
代,火
旦,火
叨,火
氐,火
叮,火
冬,火
叻,火
立,火
尥,火
令,火
另,火
奶,火
尼,火
奴,火
冉,火
它,火
他,火
田,火
仝,火
仗,火
召,火
只,火
左,火
弛,火
吃,火
打,火
忉,火
氘,火
多,火
耳,火
旮,火
亘,火
光,火
尖,火
匠,火
决,火
旯,火
老,火
耒,火
劣,火
六,火
甪,火
氖,火
囡,火
年,火
乓,火
全,火
肉,火
她,火
同,火
氽,火
佤,火
妄,火
吆,火
宅,火
兆,火
旨,火
至,火
仲,火
自,火
佁,火
犴,火
呈,火
辵,火
甙,火
呔,火
但,火
弟,火
低,火
佃,火
甸,火
玎,火
盯,火
疔,火
豆,火
囤,火
旰,火
灸,火
牢,火
利,火
李,火
良,火
吝,火
伶,火
卵,火
吕,火
免,火
呐,火
男,火
佞,火
弄,火
努,火
求,火
忐,火
忑,火
廷,火
町,火
彤,火
佟,火
吞,火
佗,火
妥,火
托,火
巫,火
妖,火
佔,火
志,火
豸,火
住,火
灼,火
姊,火
足,火
哎,火
佰,火
长,火
炒,火
坼,火
侈,火
炊,火
佽,火
徂,火
妲,火
耷,火
沓,火
岱,火
宕,火
到,火
的,火
底,火
狄,火
玓,火
典,火
店,火
耵,火
定,火
咚,火
侗,火
抖,火
妒,火
咄,火
剁,火
佴,火
昉,火
炅,火
炔,火
昊,火
戽,火
姐,火
咎,火
抉,火
炕,火
昆,火
剌,火
来,火
佬,火
肋,火
例,火
戾,火
两,火
冽,火
呤,火
囹,火
仑,火
侣,火
旻,火
奈,火
呶,火
妮,火
念,火
弩,火
疟,火
妾,火
乳,火
侍,火
帑,火
弢,火
忝,火
佻,火
帖,火
投,火
罔,火
昕,火
炎,火
佯,火
易,火
找,火
争,火
直,火
制,火
帙,火
知,火
炙,火
忠,火
隹,火
卓,火
炳,火
抶,火
重,火
抽,火
怛,火
殆,火
怠,火
待,火
眈,火
帝,火
抵,火
酊,火
订,火
段,火
祋,火
盾,火
盹,火
哚,火
哆,火
赴,火
拐,火
曷,火
烀,火
咴,火
姞,火
柬,火
炯,火
玦,火
俊,火
拉,火
俚,火
厘,火
俐,火
怜,火
亮,火
咧,火
拎,火
律,火
哪,火
娜,火
柰,火
耐,火
南,火
怒,火
虐,火
炮,火
拓,火
炱,火
炭,火
畋,火
殄,火
亭,火
凃,火
突,火
拖,火
歪,火
纨,火
肟,火
炫,火
紃,火
徉,火
殃,火
咬,火
映,火
昱,火
怨,火
灾,火
炸,火
招,火
昭,火
者,火
贞,火
政,火
祉,火
致,火
盅,火
纣,火
胄,火
炷,火
耔,火
籽,火
秭,火
奏,火
娭,火
倘,火
哧,火
耻,火
翀,火
娖,火
疸,火
玳,火
耽,火
紞,火
岛,火
倒,火
娣,火
玷,火
爹,火
瓞,火
冻,火
恫,火
蚪,火
趸,火
耿,火
烘,火
恍,火
疾,火
晋,火
倔,火
珏,火
烤,火
朗,火
烙,火
哩,火
娌,火
俩,火
凉,火
料,火
烈,火
瓴,火
玲,火
留,火
伦,火
倮,火
旅,火
耄,火
衲,火
肭,火
纳,火
拿,火
孬,火
恁,火
能,火
娘,火
恧,火
衄,火
哦,火
秦,火
朊,火
芮,火
蚋,火
偌,火
晒,火
晌,火
恕,火
朔,火
趿,火
肽,火
泰,火
唐,火
讨,火
套,火
特,火
疼,火
倜,火
屉,火
恬,火
甜,火
条,火
挑,火
挺,火
庭,火
徒,火
彖,火
庹,火
挖,火
倭,火
挝,火
乌,火
夏,火
畜,火
烜,火
迅,火
讯,火
烊,火
秧,火
舀,火
窈,火
旃,火
展,火
站,火
朕,火
珍,火
秩,火
肢,火
值,火
舯,火
衷,火
冢,火
祝,火
倬,火
恣,火
笫,火
欸,火
阨,火
捭,火
蛃,火
晡,火
晟,火
敕,火
眵,火
从,火
凑,火
绐,火
带,火
袋,火
啖,火
胆,火
聃,火
蛋,火
盗,火
羝,火
啶,火
顶,火
动,火
舵,火
敚,火
珥,火
烽,火
晗,火
焓,火
焊,火
斛,火
将,火
狷,火
觖,火
诀,火
徕,火
狼,火
勒,火
狸,火
梨,火
唳,火
粒,火
猁,火
梁,火
聊,火
羚,火
聆,火
蛉,火
翎,火
娄,火
鹿,火
卤,火
略,火
囵,火
珞,火
捋,火
那,火
婥,火
讷,火
您,火
胬,火
戚,火
软,火
酞,火
胎,火
袒,火
贪,火
啕,火
剔,火
悌,火
粜,火
珽,火
停,火
烃,火
豚,火
唾,火
娲,火
袜,火
烷,火
挽,火
焐,火
烯,火
晞,火
珣,火
珧,火
斩,火
章,火
张,火
帐,火
啁,火
振,火
侦,火
执,火
痔,火
窒,火
舳,火
啄,火
捉,火
眦,火
偬,火
掰,火
焙,火
采,火
单,火
场,火
焯,火
掣,火
程,火
塍,火
欻,火
婼,火
嗒,火
贷,火
傣,火
氮,火
悼,火
登,火
迪,火
觌,火
诋,火
睇,火
邸,火
掂,火
阽,火
惦,火
耋,火
跌,火
喋,火
痘,火
短,火
惇,火
敦,火
掇,火
焚,火
钬,火
焦,火
接,火
晶,火
就,火
厥,火
嗟,火
吭,火
焜,火
啦,火
喇,火
稂,火
琅,火
劳,火
詈,火
理,火
痢,火
傈,火
喱,火
犁,火
量,火
晾,火
裂,火
捩,火
趔,火
凌,火
琉,火
硫,火
虏,火
掠,火
抡,火
捺,火
赧,火
喃,火
捻,火
傩,火
喔,火
晴,火
闰,火
邰,火
探,火
毯,火
掏,火
啼,火
掭,火
腆,火
迢,火
祧,火
贴,火
婷,火
痛,火
屠,火
饨,火
酡,火
跎,火
惋,火
惘,火
幄,火
窝,火
巽,火
寻,火
循,火
焱,火
蛘,火
轺,火
轶,火
媛,火
蛰,火
哲,火
诊,火
轸,火
证,火
痣,火
智,火
彘,火
轴,火
粢,火
稗,火
煲,火
煏,火
煸,火
裎,火
媸,火
嗤,火
驰,火
传,火
搭,火
靼,火
迨,火
亶,火
砀,火
当,火
嗲,火
电,火
殿,火
牒,火
揲,火
鼎,火
督,火
煅,火
顿,火
躲,火
惰,火
跺,火
驮,火
烦,火
觥,火
煳,火
焕,火
煌,火
晃,火
幌,火
诙,火
迹,火
煎,火
睐,火
廊,火
啷,火
酪,火
诔,火
傫,火
愣,火
里,火
蜊,火
炼,火
赁,火
零,火
旒,火
偻,火
路,火
禄,火
琭,火
辂,火
赂,火
乱,火
煤,火
睦,火
乃,火
恼,火
农,火
暖,火
逄,火
稔,火
塔,火
痰,火
逃,火
绨,火
提,火
跳,火
蜓,火
艇,火
煺,火
蜕,火
退,火
陀,火
脱,火
畹,火
顽,火
脘,火
炜,火
煨,火
蜗,火
熄,火
煊,火
烟,火
琰,火
旸,火
扬,火
炀,火
徭,火
虞,火
煜,火
詹,火
盏,火
罩,火
照,火
蜇,火
郅,火
置,火
雉,火
追,火
惴,火
琢,火
趑,火
赀,火
觜,火
訾,火
诶,火
熬,火
畅,火
裳,火
尘,火
逞,火
瞅,火
绰,火
瘩,火
捣,火
嘀,火
嫡,火
递,火
腚,火
胨,火
郖,火
逗,火
端,火
对,火
夺,火
裰,火
尔,火
裹,火
伙,火
奖,火
尽,火
恺,火
瘌,火
辣,火
罱,火
郎,火
嫪,火
嫘,火
嘞,火
酹,火
嫠,火
连,火
奁,火
踉,火
僚,火
廖,火
寥,火
粼,火
领,火
绫,火
绺,火
熘,火
陋,火
喽,火
纶,火
裸,火
雒,火
绿,火
瑙,火
嫩,火
宁,火
搦,火
喏,火
炝,火
熔,火
煽,火
态,火
台,火
叹,火
耥,火
趟,火
搪,火
慆,火
慝,火
滕,火
逖,火
惕,火
裼,火
舔,火
蜩,火
通,火
透,火
图,火
团,火
箨,火
绾,火
腕,火
蜿,火
鞅,火
疡,火
摇,火
荧,火
毓,火
搌,火
绽,火
嫜,火
彰,火
胀,火
幛,火
赵,火
这,火
祯,火
种,火
逐,火
缀,火
缁,火
僾,火
皑,火
熛,火
层,火
噌,火
彻,火
憏,火
踟,火
齿,火
憃,火
除,火
褚,火
逴,火
辍,火
踔,火
腠,火
褡,火
逮,火
骀,火
赕,火
弹,火
儋,火
德,火
缔,火
骶,火
敌,火
踮,火
调,火
蝶,火
董,火
陡,火
缎,火
饵,火
缓,火
践,火
进,火
噘,火
赉,火
阆,火
唠,火
乐,火
厉,火
黎,火
练,火
谅,火
辆,火
嘹,火
寮,火
撂,火
瘤,火
刘,火
搂,火
逯,火
鲁,火
戮,火
轮,火
论,火
骆,火
脶,火
虑,火
熳,火
鼐,火
腩,火
蝻,火
闹,火
脑,火
馁,火
辇,火
侬,火
驽,火
挪,火
噢,火
僻,火
热,火
熵,火
踏,火
郯,火
谈,火
躺,火
羰,火
瑭,火
铽,火
缇,火
踢,火
髫,火
抟,火
褪,火
驼,火
腽,火
辋,火
腰,火
瑶,火
熠,火
熨,火
暂,火
摘,火
账,火
獐,火
辄,火
赭,火
折,火
阵,火
鸩,火
征,火
诤,火
质,火
觯,火
肿,火
驻,火
缒,火
禚,火
辎,火
撤,火
陈,火
撑,火
炽,火
鸱,火
俦,火
辏,火
达,火
殚,火
掸,火
惮,火
导,火
道,火
灯,火
谛,火
谍,火
蹀,火
都,火
赌,火
憝,火
吨,火
遁,火
炖,火
踱,火
燔,火
积,火
瑾,火
撅,火
獗,火
赖,火
褴,火
螂,火
捞,火
擂,火
罹,火
历,火
缡,火
璃,火
琏,火
撩,火
獠,火
燎,火
廪,火
陵,火
遛,火
龙,火
瘘,火
卢,火
陆,火
录,火
焖,火
挠,火
鲇,火
哝,火
谑,火
诺,火
逎,火
燃,火
烧,火
燊,火
遂,火
鲐,火
昙,火
糖,火
螗,火
绦,火
陶,火
蹄,火
醍,火
头,火
暾,火
橐,火
鸵,火
熹,火
晓,火
璇,火
焰,火
鸯,火
晔,火
烨,火
燚,火
燠,火
璋,火
瘴,火
臻,火
踵,火
猪,火
撰,火
赘,火
髭,火
谘,火
餲,火
暧,火
騃,火
灿,火
龀,火
骋,火
瞠,火
丑,火
黛,火
担,火
瘅,火
挡,火
蹈,火
队,火
鸸,火
鲕,火
烩,火
绩,火
琎,火
爵,火
阑,火
痨,火
缧,火
儡,火
励,火
隶,火
殓,火
裢,火
魉,火
疗,火
懔,火
磷,火
瞵,火
临,火
隆,火
耧,火
蝼,火
螺,火
缕,火
麋,火
缪,火
黏,火
咛,火
燧,火
遢,火
蹋,火
醣,火
螳,火
膛,火
饧,火
誊,火
嚏,火
瞳,火
疃,火
臀,火
襄,火
燮,火
谣,火
遥,火
繇,火
燥,火
择,火
辗,火
蟑,火
褶,火
鸷,火
膣,火
螽,火
烛,火
纵,火
痴,火
虫,火
戳,火
丛,火
戴,火
鞮,火
癜,火
断,火
怼,火
迩,火
丰,火
烬,火
耢,火
醪,火
礼,火
鲤,火
釐,火
粮,火
缭,火
膦,火
辘,火
噜,火
璐,火
谬,火
蛲,火
耨,火
懦,火
适,火
曙,火
抬,火
焘,火
题,火
鹈,火
阗,火
餮,火
魍,火
曛,火
曜,火
瞻,火
障,火
遮,火
谪,火
掷,火
职,火
贽,火
踬,火
转,火
骓,火
擢,火
薆,火
摆,火
爆,火
蹭,火
嘲,火
蛏,火
歠,火
骴,火
哒,火
裆,火
邓,火
鲷,火
鸫,火
胴,火
蹲,火
齑,火
际,火
谲,火
蹶,火
羸,火
类,火
离,火
呖,火
丽,火
帘,火
蠊,火
裣,火
脸,火
臁,火
辽,火
遴,火
辚,火
邻,火
鲮,火
馏,火
咙,火
氇,火
撸,火
庐,火
蠃,火
蟆,火
撵,火
脓,火
庞,火
曝,火
蹻,火
烁,火
谭,火
韬,火
鼗,火
玺,火
鄩,火
绎,火
赠,火
鄣,火
辙,火
郑,火
骘,火
鲻,火
宝,火
阐,火
郸,火
党,火
鲽,火
窦,火
矍,火
嚼,火
懒,火
疠,火
黧,火
醴,火
龄,火
骝,火
拢,火
胧,火
掳,火
炉,火
罗,火
糯,火
飘,火
赡,火
獭,火
挞,火
腾,火
龆,火
鼍,火
曦,火
耀,火
赢,火
躅,火
缠,火
踌,火
跻,火
爝,火
蜡,火
腊,火
癞,火
斓,火
览,火
烂,火
累,火
俪,火
疬,火
珑,火
髅,火
骡,火
曩,火
鳎,火
鲦,火
鹞,火
鳐,火
灶,火
馔,火
啭,火
龇,火
颤,火
龊,火
籴,火
叠,火
读,火
龛,火
邋,火
粝,火
鲢,火
躐,火
鹨,火
窿,火
癃,火
聋,火
舻,火
胪,火
孪,火
囊,火
摄,火
赎,火
傥,火
饕,火
听,火
弯,火
鹧,火
雠,火
蛎,火
恋,火
鹩,火
麟,火
鳞,火
轳,火
栾,火
挛,火
猡,火
猱,火
摊,火
体,火
显,火
螭,火
鞑,火
癫,火
蠹,火
攫,火
谰,火
鳢,火
雳,火
灵,火
陇,火
鹭,火
让,火
闼,火
瘫,火
龌,火
鳣,火
叆,火
纛,火
揽,火
鬣,火
酃,火
颅,火
脔,火
摞,火
囔,火
厅,火
郦,火
逦,火
逻,火
瘰,火
驴,火
攮,火
谠,火
缆,火
鸬,火
鲈,火
骧,火
魑,火
轹,火
跞,火
骊,火
躏,火
鹂,火
鲡,火
鸾,火
馕,火
一,土
乙,土
又,土
己,土
山,土
土,土
丸,土
兀,土
丫,土
也,土
尢,土
于,土
卬,土
夭,土
厄,土
切,土
王,土
尹,土
引,土
友,土
尤,土
予,土
曰,土
允,土
凹,土
瓦,土
戊,土
矽,土
央,土
以,土
永,土
用,土
右,土
由,土
幼,土
孕,土
仔,土
吖,土
安,土
充,土
地,土
圪,土
艮,土
圭,土
灰,土
岌,土
圾,土
圮,土
屺,土
戍,土
似,土
吐,土
圩,土
伍,土
仵,土
戌,土
伢,土
羊,土
夷,土
衣,土
圯,土
屹,土
亦,土
伊,土
因,土
有,土
宇,土
羽,土
圳,土
岙,土
岜,土
坂,土
坌,土
辰,土
坊,土
坩,土
均,土
坎,土
坑,土
牡,土
岐,土
圻,土
岍,土
坍,土
秃,土
完,土
位,土
圬,土
氙,土
岘,土
呀,土
岈,土
延,土
冶,土
邑,土
役,土
矣,土
佚,土
吲,土
甬,土
卣,土
攸,土
佑,土
玙,土
欤,土
余,土
址,土
艾,土
坳,土
垇,土
坢,土
坻,土
坫,土
矾,土
附,土
矸,土
岣,土
岵,土
岬,土
坷,土
岢,土
坤,土
垃,土
峁,土
岷,土
坭,土
爬,土
帕,土
坯,土
坪,土
坡,土
坦,土
坨,土
宛,土
旺,土
往,土
委,土
忤,土
岫,土
盱,土
亚,土
奄,土
肴,土
夜,土
佾,土
抑,土
依,土
咏,土
呦,土
侑,土
盂,土
臾,土
於,土
昀,土
狁,土
哀,土
垵,土
拗,土
砭,土
垞,土
衩,土
昶,土
垤,土
峒,土
垌,土
肚,土
砘,土
垛,土
垩,土
垡,土
垓,土
垢,土
砉,土
砍,土
奎,土
怕,土
趴,土
盆,土
砒,土
垧,土
娃,土
哇,土
胃,土
韦,土
畏,土
威,土
瓮,土
侮,土
屋,土
型,土
峋,土
砑,土
垭,土
押,土
匽,土
咽,土
怏,土
要,土
姚,土
垚,土
舣,土
姨,土
怡,土
咿,土
咦,土
音,土
垠,土
姻,土
勇,土
俑,土
宥,土
囿,土
羑,土
疣,土
幽,土
禹,土
舁,土
纡,土
爰,土
垣,土
玥,土
约,土
窀,土
啊,土
砹,土
埃,土
唉,土
案,土
俺,土
鹌,土
按,土
盎,土
芺,土
敖,土
峬,土
城,土
埕,土
砥,土
峨,土
恩,土
砝,土
砩,土
个,土
埂,土
埚,土
砬,土
埒,土
埋,土
砰,土
破,土
埔,土
砌,土
峭,土
窃,土
容,土
埏,土
砷,土
堍,土
砣,土
娓,土
翁,土
唔,土
阢,土
峡,土
轩,土
氩,土
蚜,土
晏,土
恹,土
胭,土
宴,土
氧,土
恙,土
酏,土
眙,土
益,土
蚓,土
氤,土
殷,土
祐,土
育,土
迂,土
彧,土
邘,土
眢,土
袁,土
员,土
砸,土
砟,土
砧,土
肫,土
挨,土
唵,土
庵,土
埯,土
崩,土
埠,土
堾,土
埭,土
岽,土
硐,土
堆,土
岗,土
硌,土
崮,土
硅,土
崞,土
胡,土
基,土
崛,土
崆,土
堀,土
崃,土
硭,土
埝,土
鸟,土
啪,土
培,土
堋,土
埤,土
崎,土
畦,土
牵,土
眭,土
堂,土
窕,土
眺,土
婉,土
帷,土
伟,土
唯,土
尉,土
迕,土
捂,土
牾,土
硒,土
崤,土
硎,土
勖,土
崖,土
娅,土
琊,土
哑,土
讶,土
迓,土
焉,土
崦,土
偃,土
痒,土
野,土
翌,土
异,土
移,土
埸,土
痍,土
狺,土
寅,土
茔,土
迎,土
恿,土
庸,土
悠,土
蚰,土
蚴,土
狳,土
欲,土
域,土
峥,土
埴,土
蛭,土
捱,土
啽,土
胺,土
媕,土
晻,土
媪,土
奡,土
傲,土
堡,土
堛,土
嵖,土
砗,土
堤,土
奠,土
堞,土
恶,土
费,土
黑,土
堠,土
画,土
黄,土
堪,土
喹,土
岚,土
塄,土
嵋,土
垴,土
蛙,土
崴,土
喂,土
惟,土
为,土
围,土
帏,土
硪,土
婺,土
痦,土
翕,土
硖,土
翔,土
硝,土
堰,土
砚,土
掖,土
揶,土
诒,土
猗,土
胰,土
迤,土
壹,土
贻,土
堙,土
喑,土
喁,土
釉,土
嵛,土
鼋,土
粤,土
越,土
崽,土
跖,土
阿,土
矮,土
嗌,土
爱,土
暗,土
揞,土
奥,土
嶅,土
廒,土
嗷,土
碚,土
碑,土
碘,土
碉,土
碇,土
碓,土
痱,土
话,土
觟,土
嵴,土
碱,土
垲,土
块,土
跬,土
袅,土
塬,土
援,土
氲,土
愠,土
晕,土
恽,土
轾,土
稚,土
嵫,土
肮,土
獒,土
塝,土
碥,土
碴,土
墋,土
诞,土
碲,土
垫,土
碟,土
砜,土
闺,土
监,土
碣,土
境,土
逵,土
壸,土
墚,土
嵝,土
墁,土
呕,土
碰,土
堑,土
岖,土
墒,土
墅,土
塾,土
硕,土
碳,土
维,土
玮,土
诬,土
寤,土
误,土
瑕,土
鞋,土
顼,土
墟,土
嘘,土
碹,土
嫣,土
腌,土
耶,土
腋,土
祎,土
旖,土
夤,土
瑛,土
墉,土
踊,土
诱,土
与,土
猿,土
鸢,土
冤,土
殒,土
翟,土
崭,土
嶂,土
坠,土
准,土
腤,土
鞍,土
璈,土
墺,土
嶓,土
嶒,土
墀,土
磁,土
磋,土
嶝,土
墩,土
堕,土
废,土
坟,土
磙,土
嘿,土
蝴,土
糊,土
峤,土
磕,土
蝰,土
崂,土
磊,土
嶙,土
碾,土
嬲,土
怄,土
殴,土
欧,土
磐,土
嵚,土
确,土
豌,土
纬,土
卫,土
诿,土
慰,土
庑,土
娴,土
糈,土
鸦,土
养,土
靥,土
叶,土
噎,土
亿,土
逸,土
影,土
慵,土
邮,土
牖,土
蝣,土
鱿,土
忧,土
谀,土
缘,土
院,土
阅,土
增,土
磔,土
嫒,土
嗳,土
谙,土
懊,土
聱,土
螯,土
磅,土
壁,土
碜,土
惯,土
衡,土
垦,土
垮,土
磨,土
瓯,土
碛,土
墙,土
融,土
坛,土
谓,土
违,土
怃,土
歙,土
遐,土
鸭,土
燕,土
阉,土
峄,土
颐,土
殪,土
噫,土
阴,土
壅,土
豫,土
馀,土
螈,土
鸳,土
运,土
郓,土
酝,土
砖,土
癌,土
隘,土
鮟,土
闇,土
醠,土
謷,土
遨,土
磴,土
礅,土
鲑,土
壕,土
壑,土
磺,土
矶,土
礁,土
圹,土
岭,土
硗,土
嵘,土
闱,土
鲔,土
邬,土
压,土
阳,土
翳,土
怿,土
忆,土
嶷,土
应,土
膺,土
婴,土
拥,土
优,土
黝,土
屿,土
隅,土
远,土
辕,土
龠,土
郧,土
瑷,土
碍,土
盫,土
袄,土
蹦,土
璧,土
础,土
礓,土
垒,土
讴,土
韪,土
鄢,土
癔,土
医,土
黟,土
彝,土
鄞,土
鄘,土
鼬,土
韫,土
陨,土
爊,土
礤,土
坏,土
疆,土
坜,土
垄,土
垆,土
稳,土
骛,土
鹉,土
臆,土
臃,土
韵,土
骜,土
巉,土
矿,土
岿,土
砾,土
壤,土
鹜,土
鼯,土
邺,土
瘾,土
罂,土
嘤,土
鳌,土
礴,土
蠡,土
砺,土
砻,土
碌,土
礞,土
巍,土
撄,土
誉,土
跃,土
巅,土
峦,土
鸥,土
懿,土
隐,土
璎,土
饔,土
鳙,土
娈,土
岩,土
缨,土
坝,土
罐,土
盐,土
艳,土
呓,土
鹦,土
鹳,土
饮,土
閒,
圣,土
習,
袂,
锺,
適,
意,土
裔,土
犹,土
抆,
嵬,土
傑,
徠,
勋,土
饰,
恆,
矱,
园,土
填,土
霑,
竄,
恃,
屡,
矇,
獼,
蘋,
嫋,
灑,
衙,土
握,土
雍,土
榖,
濛,
媞,
瘀,土
圆,土
蘘,
淈,
鼇,
枲,
薠,
後,
蜺,
晼,
廕,
讬,
鹒,
瑉,
悽,
歔,
湲,
鬋,
顑,
軔,
軏,
遻,
鯈,
鴳,
懭,
怳,
涹,
穱,
悐,
巑,
脢,
讙,
誒,
胹,
砲,
戃,
鬤,
澒,
虈,
駏,
沬,
廇,
鱞,
騄,
硃,
鸃,
虆,
嶜,
鉤,
姱,
陿,
枻,
鄗,
絇,
霤,
劘,
睠,
豕,
殀,
巇,
窴,
嫇,
鸕,
漧,
徾,
嫮,
蔎,
絙,
汙,
黕,
輂,
惸,
洿,
鰿,
哫,
纕,
蝍,
爢,
鱏,
攵,
砏,
粔,
籹,
傽,
黀,
箟,
虡,
塊,
媿,
蕗,
騑,
峣,
滃,
儜,
悁,
媮,
憭,
憺,
脟,
娵,
臛,
迻,
塺,
鹔,
偭,
倕,
睩,
浹,
狖,
臑,
浟,
嵾,
嬃,
咷,
牉,
擗,
坲,
蓱,
珵,
觺,
漇,
轪,
煔,
儵,
硊,
磳,
壛,
跼,
譨,
欿,
曀,
挐,
佪,
峉,
岪,
颎,
昇,
曭,
饡,
湅,
昢,
穫,
藟,
漼,
眴,
恲,
饐,
慫,
禦,
篿,
懟,
譔,
駔,
貒,
惛,
刓,
渃,
闚,
沕,
骫,
亹,
唲,
歈,
廁,
摡,
澨,
廱,
秬,
蠵,
曏,
熽,
鸮,
萷,
椮,
絓,
鞿,
悢,
悷,
蟉,
蜲,
呴,
噬,
虖,
顠,
翾,
辌,
烝,
泬,
筊,
譅,
坱,
拏,
褭,
蛜,
嘕,
彃,
钅,
虙,
殫,
餦,
餭,
咍,
脕,
衒,
纁,
崟,
瓟,
猨,
噰,
駮,
邅,
鱣,
芰,
刜,
汋,
跓,
懃,
葹,
蠥,
鵙,
茀,
濆,
諓,
愬,
轕,
陼,
郵,
朅,
泭,
蛓,
絏,
俇,
笯,
豨,
馽,
蜒,土
彫,
骍,
臇,
嗜,
嫭,
琬,土
雚,
聇,
蕠,
慼,
孋,
粻,
匊,
鴂,
蓴,
鞟,
菎,
鹍,
嵺,
硠,
蟤,
鹴,
謱,
嗼,
齧,
甂,
敶,
掔,
碅,
礒,
靃,
睄,
埳,
霠,
臝,
嵸,
昡,
雰,
鹥,
纚,
搷,
蟫,
忳,
黮,
謑,
厖,
絭,
憛,
蝯,
沶,
燿,
瑱,
温,土
揖,土
殟,
咶,
褋,
儃,
孈,
矰,
鹯,
蹠,
懰,
怐,
憀,
脣,
袟,
訿,
榑,
撚,
赩,
藂,
鬵,
渨,
岏,
譁,
鄨,
餧,
俛,
瘏,
訑,
嚭,
碎,土
憍,
糺,
礉,
鵕,
旍,
橝,
幬,
媔,
挴,
瀁,
倠,
涊,
碕,
薉,
璆,
鼁,
蒻,
噭,
曃,
殽,
蠋,
虌,
鸁,
濩,
罻,
鉏,
铻,
嵞,
陫,
怞,
頩,
鰅,
鹙,
珪,
濿,
徵,
愗,
雊,
踥,
駓,
皃,
糳,
艹,
麔,
廋,
阰,
舲,
殦,
飏,
蘦,
潏,
橑,
繣,
墆,
簬,
菉,
眽,
阯,
僤,
斮,
誂,
蓍,
溰,
訽,
櫹,
忄,
縎,
軨,
纍,
矊,
躣,
壈,
櫺,
袪,
惷,
蒶,
旂,
槀,
謰,
悇,
袿,
鬿,
抯,
佣,土
窐,
馺,
傯,
罽,
辀,
罼,
櫋,
磈,
隿,
蘗,
纟,
揳,
榝,
茷,
曶,
惀,
祲,
麚,
轇,
岒,
筳,
阘,
芾,
訧,
袺,
襭,
埽,
髢,
鬄,
苢,
芣,
隮,
綌,
瑳,
蝀,
蝃,
斁,
秾,
雝,
瀰,
咺,
嘒,
讁,
旟,
槃,
樕,
惄,
塈,
篨,
籧,
澣,
僩,
僴,
罛,
濊,
寔,
湜,
薖,
紽,
緎,
罝,
韘,
燬,
籊,
筥,
隤,
痡,
咥,
睍,
睕,
揥,
浥,
喓,
冓,
豵,
褧,
褎,
惙,
鷕,
雱,
趯,
砠,
寘,
椓,
泲,
赬,
菼,
騋,
墍,
痗,
纰,
锜,
睆,
蝱,
洸,
芼,
慉,
垝,
髧,
跂,
觿,
帨,
幩,
麕,
蕡,
罍,
鬒,
